id,title,publication,url,date,source,retrievedAt,featured,selectionReason,dateSource,sourceDescription,sourceImage,dateEvidence,authorshipEvidence
nunca-me-abandones-canto-a-la-finitud-humana,‘Nunca me abandones’: canto a la finitud humana,El Debate,https://www.eldebate.com/cultura/libros/20260919/nunca-me-abandones-canto-finitud-humana_459158.html,2026-09-19,https://www.eldebate.com/autor/fernando-ariza/,2026-09-25,False,,,,,,
fortunata-y-jacinta-la-gran-novela-espanola,"‘Fortunata y Jacinta’, la Gran Novela Española",El Debate,https://www.eldebate.com/cultura/libros/20260822/fortunata-jacinta-gran-novela-espanola_451036.html,2026-08-22,https://www.eldebate.com/autor/fernando-ariza/,2026-09-25,False,,,,,,
madame-bovary-o-la-muerte-del-narrador,'Madame Bovary' o la muerte del narrador,El Debate,https://www.eldebate.com/cultura/libros/20260801/madame-bovary-muerte-narrador_445137.html,2026-08-01,https://www.eldebate.com/autor/fernando-ariza/,2026-09-25,True,Para conocer su mirada sobre el narrador y la construcción de una novela.,,,,,
flujo-erudito-de-conciencia,Flujo erudito de conciencia,Zenda,https://www.zendalibros.com/flujo-erudito-de-conciencia/,2026-07-30,https://www.zendalibros.com/author/fernandoariza/,2026-09-25,False,,https://www.zendalibros.com/flujo-erudito-de-conciencia/,"Fernando Ariza escribe sobre 'Melancolía de los confines: Norte', de Mathias Enard, publicado por Mondadori.",https://cdn.zendalibros.com/wp-content/uploads/2026/07/61bpkwydggl._sl1096_.jpg,30 Jul 2026,
mortal-y-rosa-el-dolor-que-umbral-convirtio-en-literatura,'Mortal y rosa': el dolor que Umbral convirtió en literatura,El Debate,https://www.eldebate.com/cultura/libros/20260620/mortal-rosa-dolor-umbral-convirtio-literatura_430215.html,2026-06-20,https://www.eldebate.com/autor/fernando-ariza/,2026-09-25,False,,,,,,
el-genero-negro-llevado-a-la-trastienda-del-consumo,El género negro llevado a la trastienda del consumo,Zenda,https://www.zendalibros.com/el-genero-negro-llevado-a-la-trastienda-del-consumo/,2026-06-04,https://www.zendalibros.com/author/fernandoariza/,2026-09-25,False,,https://www.zendalibros.com/el-genero-negro-llevado-a-la-trastienda-del-consumo/,"Fernando Ariza escribe en Zenda acerca de 'Mantis', un libro de Francisco Bescós publicado por Reservoir Books.",https://cdn.zendalibros.com/wp-content/uploads/2026/06/francisco-bescos-mantis.jpg,04 Jun 2026,
cancionero-y-romancero-de-ausencias-la-voz-desnuda-del-prisionero,'Cancionero y Romancero de Ausencias': la voz desnuda del prisionero,El Debate,https://www.eldebate.com/cultura/libros/20260523/cancionero-romancero-ausencias-voz-desnuda-prisionero_420021.html,2026-05-23,https://www.eldebate.com/autor/fernando-ariza/,2026-09-25,False,,,,,,
la-hija-que-el-fenix-no-quiso-ver,La hija que el Fénix no quiso ver,Zenda,https://www.zendalibros.com/la-hija-que-el-fenix-no-quiso-ver/,2026-05-08,https://www.zendalibros.com/author/fernandoariza/,2026-09-25,False,,https://www.zendalibros.com/la-hija-que-el-fenix-no-quiso-ver/,"Fernando Ariza escribe en Zenda acerca de 'La hija del fénix', un libro de Fernando Bonete publicado por Espasa.",https://cdn.zendalibros.com/wp-content/uploads/2026/05/la-hija-del-fenix-fernando-bonete.jpg,08 May 2026,
andrea-la-chica-rara,"Andrea, la chica rara",El Debate,https://www.eldebate.com/cultura/libros/20260411/andrea-chica-rara_405088.html,2026-04-11,https://www.eldebate.com/autor/fernando-ariza/,2026-09-25,False,,,,,,
picaresca-y-destino-en-la-posguerra,Picaresca y destino en la posguerra,Zenda,https://www.zendalibros.com/picaresca-y-destino-en-la-posguerra/,2026-04-09,https://www.zendalibros.com/author/fernandoariza/,2026-09-25,True,La tradición picaresca como punto de partida para leer la narrativa contemporánea.,https://www.zendalibros.com/picaresca-y-destino-en-la-posguerra/,"Fernando Ariza escribe en Zenda acerca de 'Me hallará la muerte', una novela de Juan Manuel de Prada recuperada por Espasa.",https://cdn.zendalibros.com/wp-content/uploads/2026/04/me-hallara-la-muerte-juan-manuel-de-prada.jpg,09 Abr 2026,
viejas-historias-de-castilla-la-vieja-delibes-y-la-memoria-de-una-tierra-que-resiste,‘Viejas historias de Castilla la Vieja’: Delibes y la memoria de una tierra que resiste,El Debate,https://www.eldebate.com/cultura/libros/20260307/viejas-historias-castilla-vieja-delibes-memoria-tierra-resiste_381803.html,2026-03-07,https://www.eldebate.com/autor/fernando-ariza/,2026-09-25,False,,,,,,
retrato-en-negro-y-blanco-de-tres-pioneras-de-nuestras-letras,Retrato en negro y blanco de tres pioneras de nuestras letras,Zenda,https://www.zendalibros.com/retrato-en-negro-y-blanco-de-tres-pioneras-de-nuestras-letras/,2026-03-05,https://www.zendalibros.com/author/fernandoariza/,2026-09-25,False,,https://www.zendalibros.com/retrato-en-negro-y-blanco-de-tres-pioneras-de-nuestras-letras/,"Fernando Ariza escribe en Zenda acerca de 'Tres amigas', un libro de Jesús Marchamalo publicado por Nórdica.",https://cdn.zendalibros.com/wp-content/uploads/2026/03/jesus-marchamalo-tres-amigas.jpg,05 Mar 2026,
la-aristocracia-ante-el-espejo,La aristocracia ante el espejo,Zenda,https://www.zendalibros.com/la-aristocracia-ante-el-espejo/,2026-02-04,https://www.zendalibros.com/author/fernandoariza/,2026-09-25,False,,https://www.zendalibros.com/la-aristocracia-ante-el-espejo/,"Fernando Ariza escribe acerca de 'Heredar el mérito', un ensayo de Rafael Atienza publicado por la editorial Pre-Textos.",https://cdn.zendalibros.com/wp-content/uploads/2026/02/heredar-el-merito-rafael-atienza.jpg,04 Feb 2026,
las-ratas-y-la-dignidad-del-campo,`Las ratas' y la dignidad del campo,El Debate,https://www.eldebate.com/cultura/libros/20260124/ratas-dignidad-campo_376954.html,2026-01-24,https://www.eldebate.com/autor/fernando-ariza/,2026-09-25,False,,,,,,
el-arte-de-saltarse-las-reglas-la-irrupcion-de-un-narrador-que-juzga-insulta-y-divierte,"El arte de saltarse las reglas: la irrupción de un narrador que juzga, insulta y divierte",Zenda,https://www.zendalibros.com/el-arte-de-saltarse-las-reglas-la-irrupcion-de-un-narrador-que-juzga-insulta-y-divierte/,2026-01-01,https://www.zendalibros.com/author/fernandoariza/,2026-09-25,False,,https://www.zendalibros.com/el-arte-de-saltarse-las-reglas-la-irrupcion-de-un-narrador-que-juzga-insulta-y-divierte/,"Fernando Ariza escribe en Zenda acerca de 'Arte de hablar', un libro de Xavier Guillén publicado por Ediciones del Viento.",https://cdn.zendalibros.com/wp-content/uploads/2025/12/xavier-guillen-arte-de-hablar.jpg,01 Ene 2026,
trascendencia-y-vacio,Trascendencia y vacío,Zenda,https://www.zendalibros.com/trascendencia-y-vacio/,2025-12-29,https://www.zendalibros.com/author/fernandoariza/,2026-09-25,False,,https://www.zendalibros.com/trascendencia-y-vacio/,"Fernando Ariza escribe en Zenda acerca de 'Sobre Dios', el último libro de Byung-Chul Han, publicado por Paidós.",https://cdn.zendalibros.com/wp-content/uploads/2025/11/sobre-dios-byung-chul-han.webp,29 Dic 2025,
ignacio-aldecoa-el-pulso-del-cuento,"Ignacio Aldecoa, el pulso del cuento",El Debate,https://www.eldebate.com/cultura/libros/20251227/ignacio-aldecoa-pulso-cuento_368715.html,2025-12-27,https://www.eldebate.com/autor/fernando-ariza/,2026-09-25,False,,,,,,
cuando-la-amistad-es-destino,Cuando la amistad es destino,Zenda,https://www.zendalibros.com/cuando-la-amistad-es-destino/,2025-11-29,https://www.zendalibros.com/author/fernandoariza/,2026-09-25,False,,https://www.zendalibros.com/cuando-la-amistad-es-destino/,"Fernando Ariza escribe en Zenda acerca de 'Querido J.', un libro de Lidia Jiménez publicado por la editorial Aliar.",https://cdn.zendalibros.com/wp-content/uploads/2025/11/lidia-jimenez-querido-j.jpg,29 Nov 2025,
memorias-cruzadas-y-heridas-compartidas-una-intrahistoria-de-espana-en-clave-coral,Memorias cruzadas y heridas compartidas: una intrahistoria de España en clave coral,República de las Letras,https://republicadelasletras.acescritores.com/2025/11/27/memorias-cruzadas-y-heridas-compartidas-una-intrahistoria-de-espana-en-clave-coral/,2025-11-27,https://republicadelasletras.acescritores.com/2025/11/27/memorias-cruzadas-y-heridas-compartidas-una-intrahistoria-de-espana-en-clave-coral/,2026-09-25,False,,,,,,Article body signed © FERNANDO ARIZA; author bio identifies Madrid 1978 / CEU literature professor.
entre-visillos-redescubrir-la-calma-en-los-tiempos-del-vacio,'Entre visillos': redescubrir la calma en los tiempos del vacío,El Debate,https://www.eldebate.com/cultura/libros/20251108/entre-visillos-redescubrir-calma-tiempos-vacio_352397.html,2025-11-08,https://www.eldebate.com/autor/fernando-ariza/,2026-09-25,False,,,,,,
estetica-de-la-desolacion,Estética de la desolación,Zenda,https://www.zendalibros.com/estetica-de-la-desolacion/,2025-11-01,https://www.zendalibros.com/author/fernandoariza/page/2/,2026-09-25,False,,https://www.zendalibros.com/estetica-de-la-desolacion/,"Fernando Ariza escribe en Zenda acerca de 'La sangre está cayendo al patio', un libro de Elvira Navarro publicado por Random House.",https://cdn.zendalibros.com/wp-content/uploads/2025/10/la-sangre-esta-cayendo-al-patio-elvira-navarro.jpg,01 Nov 2025,
pequeno-teatro-la-opera-prima-de-ana-maria-matute,`Pequeño teatro': la ópera prima de Ana María Matute,El Debate,https://www.eldebate.com/cultura/libros/20250927/pequeno-teatro-opera-prima-ana-maria-matute_337555.html,2025-09-27,https://www.eldebate.com/autor/fernando-ariza/,2026-09-25,False,,,,,,
una-vida-literaria-unida-por-sus-fragmentos,Una vida literaria unida por sus fragmentos,Zenda,https://www.zendalibros.com/una-vida-literaria-unida-por-sus-fragmentos/,2025-08-27,https://www.zendalibros.com/author/fernandoariza/page/2/,2026-09-25,False,,https://www.zendalibros.com/una-vida-literaria-unida-por-sus-fragmentos/,"Fernando Ariza escribe sobre 'En esta red sonora', de Vicente Luis Mora, publicado por Galaxia Gutenberg.",https://cdn.zendalibros.com/wp-content/uploads/2025/08/91jwivfzqpl._sl1500_.jpg,27 Ago 2025,
rafael-reig-si-tengo-un-descubierto-en-el-banco-ni-me-preocupo-ahi-sigo-escribiendo,"Rafael Reig: «Si tengo un descubierto en el banco, ni me preocupo; ahí sigo, escribiendo»",República de las Letras,https://republicadelasletras.acescritores.com/2025/08/27/rafael-reig-si-tengo-un-descubierto-en-el-banco-ni-me-preocupo-ahi-sigo-escribiendo/,2025-08-27,https://republicadelasletras.acescritores.com/2025/08/27/rafael-reig-si-tengo-un-descubierto-en-el-banco-ni-me-preocupo-ahi-sigo-escribiendo/,2026-09-25,True,"Una conversación de escritor a escritor sobre el oficio, la memoria y la literatura.",,,,,Article body signed © FERNANDO ARIZA; author bio identifies Madrid 1978 / CEU literature professor.
los-banquetes-del-gran-rey-el-siglo-de-oro-espanol-se-encuentra-con-la-dinastia-ming,‘Los banquetes del gran rey’: el Siglo de Oro español se encuentra con la dinastía Ming,El Debate,https://www.eldebate.com/cultura/libros/20250816/banquetes-gran-rey-siglo-oro-espanol-encuentra-dinastia-ming_325635.html,2025-08-16,https://www.eldebate.com/autor/fernando-ariza/,2026-09-25,False,,,,,,
martirio-y-milagro-entre-los-escombros-de-la-identidad,Martirio y milagro entre los escombros de la identidad,Zenda,https://www.zendalibros.com/martirio-y-milagro-entre-los-escombros-de-la-identidad/,2025-08-03,https://www.zendalibros.com/author/fernandoariza/page/2/,2026-09-25,False,,https://www.zendalibros.com/martirio-y-milagro-entre-los-escombros-de-la-identidad/,"Fernando Ariza escribe sobre '¡Mártir!', de Kaveh Akbar, publicado por Blackie Books.",https://cdn.zendalibros.com/wp-content/uploads/2025/08/71etk4w2btl._sl1500_.jpg,03 Ago 2025,
salto-de-fe-versos-que-dudan-aman-y-recuerdan,"'Salto de fe': versos que dudan, aman y recuerdan",El Debate,https://www.eldebate.com/cultura/libros/20250719/salto-fe-versos-dudan-aman-recuerdan_312145.html,2025-07-19,https://www.eldebate.com/autor/fernando-ariza/,2026-09-25,False,,,,,,
cuando-ellas-miran-piedad-memoria-y-deslumbramiento,"Cuando ellas miran: Piedad, memoria y deslumbramiento",Zenda,https://www.zendalibros.com/cuando-ellas-miran-piedad-memoria-y-deslumbramiento/,2025-07-08,https://www.zendalibros.com/author/fernandoariza/page/2/,2026-09-25,False,,https://www.zendalibros.com/cuando-ellas-miran-piedad-memoria-y-deslumbramiento/,"Fernando Ariza escribe en Zenda acerca de 'Cuando ellas', de Guadalupe Arbona, publicado por la editorial Pre-Textos.",https://cdn.zendalibros.com/wp-content/uploads/2025/07/61t2-wptd2l._sl1024_.jpg,08 Jul 2025,
lo-que-se-de-almudena-rafael-reig-en-estado-puro,‘Lo que sé de Almudena’: Rafael Reig en estado puro,República de las Letras,https://republicadelasletras.acescritores.com/2025/06/19/lo-que-se-de-almudena-rafael-reig-en-estado-puro/,2025-06-19,https://republicadelasletras.acescritores.com/2025/06/19/lo-que-se-de-almudena-rafael-reig-en-estado-puro/,2026-09-25,False,,,,,,Article body signed © FERNANDO ARIZA; author bio identifies Madrid 1978 / CEU literature professor.
la-fabula-oscura-de-bora-chung,La fábula oscura de Bora Chung,Zenda,https://www.zendalibros.com/la-fabula-oscura-de-bora-chung/,2025-06-16,https://www.zendalibros.com/author/fernandoariza/page/2/,2026-09-25,False,,https://www.zendalibros.com/la-fabula-oscura-de-bora-chung/,"Fernando Ariza escribe acerca de 'La zorra', una novela de Bora Chung publicada por la editorial Alpha Decay.",https://cdn.zendalibros.com/wp-content/uploads/2025/06/la-zorra-bora-chung-669x1024.png,16 Jun 2025,
el-mistico-sin-porque,El místico sin porqué,El Debate,https://www.eldebate.com/cultura/libros/20250607/mistico-porque_303501.html,2025-06-07,https://www.eldebate.com/autor/fernando-ariza/,2026-09-25,False,,,,,,
cioran-y-los-origenes-del-mal,Cioran y los orígenes del mal,Zenda,https://www.zendalibros.com/cioran-y-los-origenes-del-mal/,2025-06-03,https://www.zendalibros.com/author/fernandoariza/page/2/,2026-09-25,False,,https://www.zendalibros.com/cioran-y-los-origenes-del-mal/,"Fernando Ariza escribe acerca de 'Cioran antes de Cioran', un libro de Vincent Piednoir publicado por Ediciones del Subsuelo.",https://cdn.zendalibros.com/wp-content/uploads/2025/06/cioran-antes-de-cioran-vincent-piednoir.jpg,03 Jun 2025,
mientras-agonizo-la-muerte-y-la-vida-en-el-profundo-sur,'Mientras agonizo': la muerte y la vida en el profundo sur,El Debate,https://www.eldebate.com/cultura/libros/20250524/mientras-agonizo-muerte-vida-profundo-sur_298693.html,2025-05-24,https://www.eldebate.com/autor/fernando-ariza/,2026-09-25,False,,,,,,
la-red-desvelada,La Red desvelada,Zenda,https://www.zendalibros.com/la-red-desvelada/,2025-05-06,https://www.zendalibros.com/author/fernandoariza/page/2/,2026-09-25,False,,https://www.zendalibros.com/la-red-desvelada/,"Fernando Ariza escribe acerca de 'La comunicación en el diván', un libro de Pilar Carrera publicado por Cátedra.",https://cdn.zendalibros.com/wp-content/uploads/2025/05/la-comunicacion-en-el-divan-pilar-carrera.jpg,06 May 2025,
hagiografia-laica-del-papa-francisco-por-javier-cercas,"Hagiografía laica del papa Francisco, por Javier Cercas",República de las Letras,https://republicadelasletras.acescritores.com/2025/04/19/hagiografia-laica-del-papa-francisco-por-javier-cercas/,2025-04-19,https://republicadelasletras.acescritores.com/2025/04/19/hagiografia-laica-del-papa-francisco-por-javier-cercas/,2026-09-25,False,,,,,,Article body signed © FERNANDO ARIZA; author bio identifies Madrid 1978 / CEU literature professor.
loas-literarias-a-un-catalogo-espectacular,Loas literarias a un catálogo espectacular,Zenda,https://www.zendalibros.com/loas-literarias-a-un-catalogo-espectacular/,2025-04-01,https://www.zendalibros.com/author/fernandoariza/page/2/,2026-09-25,False,,https://www.zendalibros.com/loas-literarias-a-un-catalogo-espectacular/,"Fernando Ariza escribe acerca de 'Secreto y pasión de la literatura', un libro de Juan Cruz Ruiz publicado por Tusquets.",https://cdn.zendalibros.com/wp-content/uploads/2025/03/secreto-y-pasion-de-la-literatura-juan-cruz.jpg,01 Abr 2025,
tinta-invisible-cuando-la-vida-de-los-escritores-nos-dice-casi-tanto-como-lo-que-escribieron,‘Tinta invisible’: cuando la vida de los escritores nos dice casi tanto como lo que escribieron,El Debate,https://www.eldebate.com/cultura/libros/20250329/tinta-invisible-cuando-vida-escritores-dice-casi-tanto-como-escribieron_281490.html,2025-03-29,https://www.eldebate.com/autor/fernando-ariza/,2026-09-25,False,,,,,,
entre-osas-y-merinas-tragedia-y-naturaleza-en-la-cordillera-cantabrica,Entre osas y merinas: tragedia y naturaleza en la Cordillera Cantábrica,Zenda,https://www.zendalibros.com/entre-osas-y-merinas-tragedia-y-naturaleza-en-la-cordillera-cantabrica/,2025-02-27,https://www.zendalibros.com/author/fernandoariza/page/2/,2026-09-25,False,,https://www.zendalibros.com/entre-osas-y-merinas-tragedia-y-naturaleza-en-la-cordillera-cantabrica/,"Fernando Ariza escribe acerca de 'Cordillera', la última novela de Marta del Riego Anta publicada por la editorial AdN.",https://cdn.zendalibros.com/wp-content/uploads/2025/01/cordillera-marta-del-riego-anta-scaled.jpg,27 Feb 2025,
arboles-biograficos-y-culturales,Árboles biográficos y culturales,Zenda,https://www.zendalibros.com/arboles-biograficos-y-culturales/,2025-01-22,https://www.zendalibros.com/author/fernandoariza/page/3/,2026-09-25,False,,https://www.zendalibros.com/arboles-biograficos-y-culturales/,"Fernando Ariza escribe acerca de 'Arboreto salvático', un libro de Mario Rigoni Stern publicado por Gallo Nero.",https://cdn.zendalibros.com/wp-content/uploads/2025/01/arboreto-salvatico-mario-rigoni-stern.jpeg,22 Ene 2025,
antes-de-que-google-nos-alcance-una-poetica-contra-el-olvido-digital,'Antes de que Google nos alcance': una poética contra el olvido digital,El Debate,https://www.eldebate.com/cultura/libros/20250118/antes-google-alcance-poetica-contra-olvido-digital_261470.html,2025-01-18,https://www.eldebate.com/autor/fernando-ariza/,2026-09-25,False,,,,,,
gotico-botanico-cuentos-de-un-verdor-perverso,‘Gótico botánico’: Cuentos de un verdor perverso,El Debate,https://www.eldebate.com/cultura/libros/20241228/gotico-botanico-cuentos-verdor-perverso_256303.html,2024-12-28,https://www.eldebate.com/autor/fernando-ariza/,2026-09-25,False,,,,,,
elegia-al-campo-espanol,Elegía al campo español,Zenda,https://www.zendalibros.com/elegia-al-campo-espanol/,2024-12-19,https://www.zendalibros.com/author/fernandoariza/page/3/,2026-09-25,False,,https://www.zendalibros.com/elegia-al-campo-espanol/,"Fernando Ariza escribe acerca de 'Escribir la tierra', un libro de Javier Morales publicado por la editorial Tres hermanas.",https://cdn.zendalibros.com/wp-content/uploads/2024/12/escribir-la-tierra-javier-morales-1-scaled.jpg,19 Dic 2024,
las-vidas-creadas-de-los-grandes-creadores,Las vidas creadas de los grandes creadores,Zenda,https://www.zendalibros.com/las-vidas-creadas-de-los-grandes-creadores/,2024-11-30,https://www.zendalibros.com/author/fernandoariza/page/3/,2026-09-25,False,,https://www.zendalibros.com/las-vidas-creadas-de-los-grandes-creadores/,"Ferando Ariza escribe acerca de 'Malas lenguas', un libro de Fernando Bonete publicado por el sello Ediciones B.",https://cdn.zendalibros.com/wp-content/uploads/2024/11/malas-lenguas-fernando-bonete-1-1.jpg,30 Nov 2024,
lecciones-de-realismo-social-y-metafisica-pop,Lecciones de realismo social y metafísica pop,Zenda,https://www.zendalibros.com/lecciones-de-realismo-social-y-metafisica-pop/,2024-11-15,https://www.zendalibros.com/author/fernandoariza/page/3/,2026-09-25,False,,https://www.zendalibros.com/lecciones-de-realismo-social-y-metafisica-pop/,"Fernando Ariza escribe acerca de 'Jesuclisto', una novela de Mario Marín publicada por Ediciones del Viento.",https://cdn.zendalibros.com/wp-content/uploads/2024/11/mario-marin-jesuclisto.jpg,15 Nov 2024,
cuentos-poe-en-la-memoria,‘Cuentos’: Poe en la memoria,El Debate,https://www.eldebate.com/cultura/libros/20241109/cuentos-poe-memoria_243022.html,2024-11-09,https://www.eldebate.com/autor/fernando-ariza/,2026-09-25,False,,,,,,
basilisco-domenado,Basilisco domeñado,El Debate,https://www.eldebate.com/cultura/libros/20241019/basilisco-domenado_236792.html,2024-10-19,https://www.eldebate.com/autor/fernando-ariza/,2026-09-25,False,,,,,,
ahi-fuera-novios-ciberneticos-y-casas-organicas,‘Ahí fuera’: novios cibernéticos y casas orgánicas,El Debate,https://www.eldebate.com/cultura/libros/20240928/ahi-fuera-novios-ciberneticos-casas-organicas_231173.html,2024-09-28,https://www.eldebate.com/autor/fernando-ariza/2/,2026-09-25,False,,,,,,
blackwater-la-cosa-del-pantano-llega-a-yoknapatawpha,Blackwater: La cosa del pantano llega a Yoknapatawpha,Zenda,https://www.zendalibros.com/blackwater-la-cosa-del-pantano-llega-a-yoknapatawpha/,2024-09-27,https://www.zendalibros.com/author/fernandoariza/page/3/,2026-09-25,False,,https://www.zendalibros.com/blackwater-la-cosa-del-pantano-llega-a-yoknapatawpha/,"Fernando Ariza escribe en Zenda acerca de la saga de Blackwater, de Michael McDowell, recuperada por Blackie Books.",https://cdn.zendalibros.com/wp-content/uploads/2024/09/michael-mcdowell.png,27 Sep 2024,
fantasia-destilada,Fantasía destilada,Zenda,https://www.zendalibros.com/fantasia-destilada/,2024-09-09,https://www.zendalibros.com/author/fernandoariza/page/3/,2026-09-25,False,,https://www.zendalibros.com/fantasia-destilada/,"Fernando Ariza escribe acerca de 'Criaturas imposibles', un libro de Katherine Rundell publicado por la editorial Destino.",https://cdn.zendalibros.com/wp-content/uploads/2024/09/criaturas-imposibles-katherine-rundell-1.jpg,09 Sep 2024,
jekyll-y-hyde-actualidad-de-un-clasico,Jekyll y Hyde: actualidad de un clásico,El Debate,https://www.eldebate.com/cultura/libros/20240907/jekyll-hyde-actualidad-clasico_225489.html,2024-09-07,https://www.eldebate.com/autor/fernando-ariza/2/,2026-09-25,False,,,,,,
los-cuentos-de-hadas-son-para-todas-las-edades,Los cuentos de hadas son para todas las edades,Zenda,https://www.zendalibros.com/los-cuentos-de-hadas-son-para-todas-las-edades/,2024-08-30,https://www.zendalibros.com/author/fernandoariza/page/3/,2026-09-25,True,"Fantasía, historia y placer de narrar: una lectura cercana al universo de Ciudad dormida.",https://www.zendalibros.com/los-cuentos-de-hadas-son-para-todas-las-edades/,"Fernando Ariza escribe acerca de ""El gran timo de las hadas"" , de Félix J. Palma, una obra publicada por la editorial Destino.",https://cdn.zendalibros.com/wp-content/uploads/2024/06/el-gran-timo-de-las-hadas-felix-j-palma-scaled.jpg,30 Ago 2024,
matar-un-ruisenor-el-valor-de-la-perspectiva,‘Matar un ruiseñor’: el valor de la perspectiva,El Debate,https://www.eldebate.com/cultura/libros/20240817/matar-ruisenor-valor-perspectiva_220606.html,2024-08-17,https://www.eldebate.com/autor/fernando-ariza/2/,2026-09-25,False,,,,,,
cualquier-cosa-pequena-de-rafael-reig,"‘Cualquier cosa pequeña’, de Rafael Reig",El Debate,https://www.eldebate.com/cultura/libros/20240727/cualquier-cosa-pequena-rafael-reig_216127.html,2024-07-27,https://www.eldebate.com/autor/fernando-ariza/2/,2026-09-25,False,,,,,,
la-memoria-de-los-animales-la-pandemia-revisitada,‘La memoria de los animales’: La pandemia revisitada,El Debate,https://www.eldebate.com/cultura/libros/20240713/memoria-animales-pandemia-revisitada_212837.html,2024-07-13,https://www.eldebate.com/autor/fernando-ariza/2/,2026-09-25,False,,,,,,
la-pesadilla-de-un-houellebecq-naturalista,La pesadilla de un Houellebecq naturalista,Zenda,https://www.zendalibros.com/la-pesadilla-de-un-houellebecq-naturalista/,2024-07-09,https://www.zendalibros.com/author/fernandoariza/page/3/,2026-09-25,False,,https://www.zendalibros.com/la-pesadilla-de-un-houellebecq-naturalista/,"Fernando Ariza escribe acerca de 'La charca', una novela de Manuel Bivar publicada por la editorial De Conatus.",https://cdn.zendalibros.com/wp-content/uploads/2024/07/la-charca-manuel-bivar.jpg,09 Jul 2024,
magistral-tejido-de-historias-de-maggie-o-farrell,Magistral tejido de historias de Maggie O'Farrell,El Debate,https://www.eldebate.com/cultura/libros/20240615/magistral-tejido-historias-maggie-farrell_205384.html,2024-06-15,https://www.eldebate.com/autor/fernando-ariza/2/,2026-09-25,False,,,,,,
los-aerostatos-pequena-gran-novela,'Los aerostatos': pequeña gran novela,El Debate,https://www.eldebate.com/cultura/libros/20240601/aerostatos-pequena-gran-novela_201625.html,2024-06-01,https://www.eldebate.com/autor/fernando-ariza/2/,2026-09-25,False,,,,,,
mariana-enriquez-un-extrano-fenomeno-literario,"Mariana Enríquez, un extraño fenómeno literario",El Debate,https://www.eldebate.com/cultura/libros/20240518/mariana-enriquez-extrano-fenomeno-literario_197814.html,2024-05-18,https://www.eldebate.com/autor/fernando-ariza/2/,2026-09-25,False,,,,,,
defensa-de-los-clasicos-vivos-gonzalo-hidalgo-bayal,Defensa de los clásicos vivos: Gonzalo Hidalgo Bayal,El Debate,https://www.eldebate.com/cultura/libros/20240504/defensa-clasicos-vivos-gonzalo-hidalgo-bayal_194269.html,2024-05-04,https://www.eldebate.com/autor/fernando-ariza/2/,2026-09-25,False,,,,,,
naci-sobre-una-rotativa-el-ortega-mas-involucrado-con-su-tiempo,`Nací sobre una rotativa´: el Ortega más involucrado con su tiempo,El Debate,https://www.eldebate.com/cultura/libros/20240420/naci-sobre-rotativa-ortega-involucrado-tiempo_190799.html,2024-04-20,https://www.eldebate.com/autor/fernando-ariza/2/,2026-09-25,False,,,,,,
saga-familiar-con-la-historia-reciente-de-espana-como-escenario-y-el-poder-como-motor,Saga familiar con la historia reciente de España como escenario y el poder como motor,El Debate,https://www.eldebate.com/cultura/libros/20240413/saga-familiar-historia-reciente-espana-como-escenario-poder-como-motor_188866.html,2024-04-13,https://www.eldebate.com/autor/fernando-ariza/2/,2026-09-25,False,,,,,,
la-ciudad-y-sus-muros-inciertos-platon-y-kafka-a-ritmo-de-jazz,'La ciudad y sus muros inciertos': Platón y Kafka a ritmo de jazz,El Debate,https://www.eldebate.com/cultura/libros/20240330/ciudad-muros-inciertos-platon-kafka-ritmo-jazz_185358.html,2024-03-30,https://www.eldebate.com/autor/fernando-ariza/2/,2026-09-25,False,,,,,,
therese-desqueyroux-armonia-de-fondo-y-forma,'Thérèse Desqueyroux': armonía de fondo y forma,El Debate,https://www.eldebate.com/cultura/libros/20240309/therese-desqueyroux-armonia-fondo-forma_180403.html,2024-03-09,https://www.eldebate.com/autor/fernando-ariza/2/,2026-09-25,False,,,,,,
solito-viaje-homerico-a-la-tierra-prometida,'Solito': viaje homérico a la tierra prometida,El Debate,https://www.eldebate.com/cultura/libros/20240217/solito-viaje-homerico-tierra-prometida_175289.html,2024-02-17,https://www.eldebate.com/autor/fernando-ariza/2/,2026-09-25,False,,,,,,
federico-garcia-lorca-en-el-franquismo-un-poeta-en-los-meandros-de-la-historia,'Federico García Lorca en el franquismo': un poeta en los meandros de la historia,El Debate,https://www.eldebate.com/cultura/libros/20240210/federico-garcia-lorca-franquismo-poeta-meandros-historia_173248.html,2024-02-10,https://www.eldebate.com/autor/fernando-ariza/2/,2026-09-25,False,,,,,,
solsticio-siniestro-cuentos-para-las-noches-mas-largas,'Solsticio siniestro': cuentos para las noches más largas,El Debate,https://www.eldebate.com/cultura/libros/20240203/solsticio-siniestro-cuentos-noches-largas_171480.html,2024-02-03,https://www.eldebate.com/autor/fernando-ariza/2/,2026-09-25,False,,,,,,
aventureros-del-nuevo-mundo-esa-america-que-no-nos-contaron,'Aventureros del Nuevo Mundo': esa América que no nos contaron,El Debate,https://www.eldebate.com/cultura/libros/20240127/aventureros-nuevo-mundo-america-no-contaron_170081.html,2024-01-27,https://www.eldebate.com/autor/fernando-ariza/2/,2026-09-25,False,,,,,,
el-asesino-ciego-sobre-la-memoria-y-sus-trampas,'El Asesino Ciego': sobre la memoria y sus trampas,El Debate,https://www.eldebate.com/cultura/libros/20240113/asesino-ciego-sobre-memoria-trampas_166257.html,2024-01-13,https://www.eldebate.com/autor/fernando-ariza/2/,2026-09-25,False,,,,,,
el-regreso-de-los-cuentos-navidenos-populares,El regreso de los cuentos navideños populares,El Debate,https://www.eldebate.com/cultura/libros/20231230/regreso-cuentos-navidenos-populares_163853.html,2023-12-30,https://www.eldebate.com/autor/fernando-ariza/2/,2026-09-25,False,,,,,,
todas-las-criaturas-grandes-y-pequenas-aventuras-y-desventuras-de-un-veterinario-en-la-campina-inglesa,'Todas las criaturas grandes y pequeñas': aventuras y desventuras de un veterinario en la campiña inglesa,El Debate,https://www.eldebate.com/cultura/libros/20231202/todas-criaturas-grandes-pequenas-aventuras-desventuras-veterinario-campina-inglesa_157219.html,2023-12-02,https://www.eldebate.com/autor/fernando-ariza/2/,2026-09-25,False,,,,,,
una-cabeza-cercenada-una-inteligente-y-divertida-satira-del-psicoanalisis,'Una cabeza cercenada': una inteligente y divertida sátira del psicoanálisis,El Debate,https://www.eldebate.com/cultura/libros/20231118/cabeza-cercenada-inteligente-divertida-satira-psicoanalisis_154434.html,2023-11-18,https://www.eldebate.com/autor/fernando-ariza/3/,2026-09-25,False,,,,,,
birdgirl-la-familia-y-los-demas-son-pajaros,'Birdgirl': la familia y los demás son pájaros,El Debate,https://www.eldebate.com/cultura/libros/20231104/birdgirl-familia-demas-son-pajaros_150669.html,2023-11-04,https://www.eldebate.com/autor/fernando-ariza/3/,2026-09-25,False,,,,,,
la-cancion-del-verdugo-un-gran-libro-de-psicologia-criminal,'La canción del verdugo': un gran libro de psicología criminal,El Debate,https://www.eldebate.com/cultura/libros/20231028/cancion-verdugo-gran-libro-psicologia-criminal_148996.html,2023-10-28,https://www.eldebate.com/autor/fernando-ariza/3/,2026-09-25,False,,,,,,
conejo-maldito-fantasia-terror-y-ciencia-ficcion-con-contenido,"´Conejo maldito´: fantasía, terror y ciencia ficción con contenido",El Debate,https://www.eldebate.com/cultura/libros/20231021/conejo-maldito-fantasia-terror-ciencia-ficcion-contenido_147543.html,2023-10-21,https://www.eldebate.com/autor/fernando-ariza/3/,2026-09-25,False,,,,,,
la-crisis-de-la-narracion-el-arte-de-contar-buenas-historias,`La crisis de la narración´: el arte de contar buenas historias,El Debate,https://www.eldebate.com/cultura/libros/20231021/crisis-narracion-arte-contar-buenas-historias_147542.html,2023-10-21,https://www.eldebate.com/autor/fernando-ariza/3/,2026-09-25,False,,,,,,
el-negro-de-vargas-llosa-divertido-homenaje-al-mundo-del-libro,'El negro de Vargas Llosa': divertido homenaje al mundo del libro,El Debate,https://www.eldebate.com/cultura/libros/20231007/negro-vargas-llosa-divertido-homenaje-mundo-libro_144204.html,2023-10-07,https://www.eldebate.com/autor/fernando-ariza/3/,2026-09-25,False,,,,,,
en-el-primer-aniversario-de-la-muerte-de-javier-marias,En el primer aniversario de la muerte de Javier Marías,El Debate,https://www.eldebate.com/cultura/libros/20230923/primer-aniversario-muerte-javier-marias_141069.html,2023-09-23,https://www.eldebate.com/autor/fernando-ariza/3/,2026-09-25,False,,,,,,
el-mago-del-kremlin-la-politica-como-ficcion,'El mago del Kremlin': la política como ficción,El Debate,https://www.eldebate.com/cultura/libros/20230909/mago-kremlin-politica-como-ficcion_138347.html,2023-09-09,https://www.eldebate.com/autor/fernando-ariza/3/,2026-09-25,False,,,,,,
arenas-de-arabia-canto-a-la-libertad,'Arenas de Arabia': canto a la libertad,El Debate,https://www.eldebate.com/cultura/libros/20230819/arenas-arabia-canto-libertad_127666.html,2023-08-19,https://www.eldebate.com/autor/fernando-ariza/3/,2026-09-25,False,,,,,,
diez-clasicos-para-leer-con-tus-hijos-este-verano,Diez clásicos para leer con tus hijos este verano,El Debate,https://www.eldebate.com/cultura/libros/20230722/diez-clasicos-leer-tus-hijos-este-verano_129427.html,2023-07-22,https://www.eldebate.com/autor/fernando-ariza/3/,2026-09-25,False,,,,,,
nosotros-la-madre-de-todas-las-distopias-politicas,'Nosotros': la madre de todas las distopías políticas,El Debate,https://www.eldebate.com/cultura/libros/20230701/nosotros-madre-todas-distopias-politicas_124886.html,2023-07-01,https://www.eldebate.com/autor/fernando-ariza/3/,2026-09-25,False,,,,,,
el-querido-hermano-manuel-machado-entre-burgos-y-colliure,'El querido hermano': Manuel Machado entre Burgos y Colliure,El Debate,https://www.eldebate.com/cultura/libros/20230624/querido-hermano-manuel-machado-entre-burgos-colliure_123348.html,2023-06-24,https://www.eldebate.com/autor/fernando-ariza/3/,2026-09-25,False,,,,,,
la-ronda-sangre-en-la-m-30,´La Ronda´: sangre en la M-30,El Debate,https://www.eldebate.com/cultura/libros/20230610/ronda-sangre-m-30_120348.html,2023-06-10,https://www.eldebate.com/autor/fernando-ariza/3/,2026-09-25,False,,,,,,
un-ballet-de-leprosos-cohen-sin-engano,´Un ballet de leprosos´: Cohen sin engaño,El Debate,https://www.eldebate.com/cultura/libros/20230527/ballet-leprosos-cohen-engano_117250.html,2023-05-27,https://www.eldebate.com/autor/fernando-ariza/3/,2026-09-25,False,,,,,,
lobo-unas-memorias-falsas-autorretrato-de-una-bestia-humana,'Lobo. Unas memorias falsas': autorretrato de una bestia humana,El Debate,https://www.eldebate.com/cultura/libros/20230513/lobo-memorias-falsas-autorretrato-bestia-humana_113928.html,2023-05-13,https://www.eldebate.com/autor/fernando-ariza/3/,2026-09-25,False,,,,,,
fortuna-los-felices-anos-veinte-y-sus-resacas,'Fortuna': los felices años veinte y sus resacas,El Debate,https://www.eldebate.com/cultura/libros/20230429/fortuna-felices-anos-veinte-resacas_110886.html,2023-04-29,https://www.eldebate.com/autor/fernando-ariza/3/,2026-09-25,False,,,,,,
elizabeth-finch-sobre-la-mitificacion-y-su-fracaso,'Elizabeth Finch': sobre la mitificación y su fracaso,El Debate,https://www.eldebate.com/cultura/libros/20230422/elizabeth-finch-sobre-mitificacion-fracaso_108372.html,2023-04-22,https://www.eldebate.com/autor/fernando-ariza/3/,2026-09-25,False,,,,,,
much-dithering-donde-el-amor-siempre-triunfa,'Much Dithering': donde el amor siempre triunfa,El Debate,https://www.eldebate.com/cultura/libros/20230401/much-dithering-donde-amor-siempre-triunfa_104918.html,2023-04-01,https://www.eldebate.com/autor/fernando-ariza/3/,2026-09-25,False,,,,,,
anoxia-loa-a-la-fotografia-mortuoria,'Anoxia': loa a la fotografía mortuoria,El Debate,https://www.eldebate.com/cultura/libros/20230318/anoxia-loa-fotografia-mortuoria_101471.html,2023-03-18,https://www.eldebate.com/autor/fernando-ariza/3/,2026-09-25,False,,,,,,
orlando-furioso-en-los-origenes-del-quijote,'Orlando furioso': en los orígenes del Quijote,El Debate,https://www.eldebate.com/cultura/libros/20230311/orlando-furioso-origenes-quijote_99097.html,2023-03-11,https://www.eldebate.com/autor/fernando-ariza/3/,2026-09-25,False,,,,,,
volver-a-cuando-la-revolucion-que-devora-a-sus-hijos,'Volver a cuándo': la revolución que devora a sus hijos,El Debate,https://www.eldebate.com/cultura/libros/20230304/volver-cuando-revolucion-devora-hijos_97389.html,2023-03-04,https://www.eldebate.com/autor/fernando-ariza/4/,2026-09-25,False,,,,,,
arana-un-western-mitico-y-existencial,'Araña': un wéstern mítico y existencial,El Debate,https://www.eldebate.com/cultura/libros/20230225/arana-western-mitico-existencial_95529.html,2023-02-25,https://www.eldebate.com/autor/fernando-ariza/4/,2026-09-25,False,,,,,,
un-mundo-feliz-lectura-de-urgencia,'Un mundo feliz': lectura de urgencia,El Debate,https://www.eldebate.com/cultura/libros/20230211/mundo-feliz-lectura-urgencia_92056.html,2023-02-11,https://www.eldebate.com/autor/fernando-ariza/4/,2026-09-25,False,,,,,,
escenas-de-cine-mudo-recuerdos-olvidados-en-viejas-fotografias,'Escenas de cine mudo': recuerdos olvidados en viejas fotografías,El Debate,https://www.eldebate.com/cultura/libros/20230204/escenas-cine-mudo-recuerdos-olvidados-viejas-fotografias_90795.html,2023-02-04,https://www.eldebate.com/autor/fernando-ariza/4/,2026-09-25,False,,,,,,
elvira-navarro-hemos-perdido-la-verguenza-por-el-pasado-a-la-vez-que-hemos-diversificado-nuestras-herencias,"Elvira Navarro: «Hemos perdido la vergüenza por el pasado, a la vez que hemos diversificado nuestras herencias»",El Debate,https://www.eldebate.com/cultura/20230123/elvira-navarro_87559.html,2023-01-23,https://www.eldebate.com/autor/fernando-ariza/4/,2026-09-25,False,,,,,,
amor-una-historia-en-cinco-fantasias-las-narrativas-del-corazon,'Amor. Una historia en cinco fantasías': las narrativas del corazón,El Debate,https://www.eldebate.com/cultura/libros/20230121/amor-historia-cinco-fantasias-narrativas-corazon_86686.html,2023-01-21,https://www.eldebate.com/autor/fernando-ariza/4/,2026-09-25,False,,,,,,
viento-herido-geniales-esbozos-de-humanidad,'Viento herido': geniales esbozos de humanidad,El Debate,https://www.eldebate.com/cultura/libros/20230114/viento-herido-geniales-esbozos-humanidad_85260.html,2023-01-14,https://www.eldebate.com/autor/fernando-ariza/4/,2026-09-25,False,,,,,,
las-efemerides-literarias-de-2023-un-ano-lleno-de-celebraciones,Las efemérides literarias de 2023. Un año lleno de celebraciones,El Debate,https://www.eldebate.com/cultura/libros/20221231/efemerides-literarias-2023-ano-lleno-celebraciones_82614.html,2022-12-31,https://www.eldebate.com/autor/fernando-ariza/4/,2026-09-25,False,,,,,,
familia-infancia-y-juventud-libro-clave-para-entender-a-pio-baroja,"'Familia, infancia y juventud': libro clave para entender a Pío Baroja",El Debate,https://www.eldebate.com/cultura/libros/20221217/familia-infancia-juventud-libro-clave-entender-pio-baroja_79898.html,2022-12-17,https://www.eldebate.com/autor/fernando-ariza/4/,2026-09-25,False,,,,,,
percusion-desde-el-lugar-mas-lejano,'Percusión': desde el lugar más lejano,El Debate,https://www.eldebate.com/cultura/libros/20221203/percusion-desde-lugar-mas-lejano_77067.html,2022-12-03,https://www.eldebate.com/autor/fernando-ariza/4/,2026-09-25,False,,,,,,
la-letra-herida-vidas-creadoras-vidas-rotas,"'La letra herida': vidas creadoras, vidas rotas",El Debate,https://www.eldebate.com/cultura/libros/20221126/letra-herida-vidas-creadoras-vidas-rotas_74743.html,2022-11-26,https://www.eldebate.com/autor/fernando-ariza/4/,2026-09-25,False,,,,,,
hojas-de-otono-un-canto-a-la-naturaleza-con-mayuscula,'Hojas de otoño': un canto a la Naturaleza con mayúscula,El Debate,https://www.eldebate.com/cultura/libros/20221105/hojas-otono-canto-naturaleza-mayuscula_70468.html,2022-11-05,https://www.eldebate.com/autor/fernando-ariza/4/,2026-09-25,False,,,,,,
a-proposito-de-ferlosio-biografia-intelectual-de-un-heterodoxo,'A propósito de Ferlosio': biografía intelectual de un heterodoxo,El Debate,https://www.eldebate.com/cultura/libros/20221029/proposito-ferlosio-biografia-intelectual-heterodoxo_68721.html,2022-10-29,https://www.eldebate.com/autor/fernando-ariza/4/,2026-09-25,False,,,,,,
aritmetica-familiar-anatomia-de-la-gran-burguesia-madrilena,'Aritmética familiar': anatomía de la gran burguesía madrileña,El Debate,https://www.eldebate.com/cultura/libros/20221015/aritmetica-familiar-anatomia-gran-burguesia-madrilena_65985.html,2022-10-15,https://www.eldebate.com/autor/fernando-ariza/4/,2026-09-25,False,,,,,,
ojos-de-gato-no-lea-este-libro-si-tiene-hijas-pequenas-o-si,"'Ojos de gato': no lea este libro si tiene hijas pequeñas, o sí",El Debate,https://www.eldebate.com/cultura/libros/20221001/ojos-gato-no-lea-este-libro-tiene-hijas-pequenas-si_63196.html,2022-10-01,https://www.eldebate.com/autor/fernando-ariza/4/,2026-09-25,False,,,,,,
los-demonios-del-padre-joan-job-y-el-padre-brown-se-encuentran-en-barcelona,'Los demonios del padre Joan': Job y el Padre Brown se encuentran en Barcelona,El Debate,https://www.eldebate.com/cultura/libros/20220924/demonios-padre-joan-job-padre-brown-encuentran-barcelona_60996.html,2022-09-24,https://www.eldebate.com/autor/fernando-ariza/4/,2026-09-25,False,,,,,,
un-tal-cangrejo-un-titulo-tan-pegadizo-como-su-prosa,'Un tal Cangrejo': un título tan pegadizo como su prosa,El Debate,https://www.eldebate.com/cultura/libros/20220917/cangrejo-titulo-pegadizo-como-prosa_60233.html,2022-09-17,https://www.eldebate.com/autor/fernando-ariza/4/,2026-09-25,False,,,,,,
los-santos-inocentes-de-paseo-con-azarias,'Los santos inocentes': de paseo con Azarías,El Debate,https://www.eldebate.com/cultura/libros/20220910/santos-inocentes-paseo-azarias_58460.html,2022-09-10,https://www.eldebate.com/autor/fernando-ariza/4/,2026-09-25,False,,,,,,
grand-union-relatos-para-disfrutar-de-una-de-las-mejores-escritoras-britanicas,'Grand Union': relatos para disfrutar de una de las mejores escritoras británicas,El Debate,https://www.eldebate.com/cultura/libros/20220820/grand-union-relatos-disfrutar-mejores-escritoras-britanicas_52600.html,2022-08-20,https://www.eldebate.com/autor/fernando-ariza/4/,2026-09-25,False,,,,,,
obras-reunidas-emociones-profundas-descubrimientos-familiares-y-cultura-escrita,"'Obras reunidas': emociones profundas, descubrimientos familiares y cultura escrita",El Debate,https://www.eldebate.com/cultura/libros/20220812/0bras-reunidas-emociones-profundas-descubrimientos-familiares-cultura-escrita_52460.html,2022-08-12,https://www.eldebate.com/autor/fernando-ariza/4/,2026-09-25,False,,,,,,
y-por-esto-el-principe-no-reino-la-mejor-ficcion-se-une-con-nuestro-pasado,'Y por esto el príncipe no reinó': la mejor ficción se une con nuestro pasado,El Debate,https://www.eldebate.com/cultura/libros/20220808/esto-principe-no-reino-mejor-ficcion-une-nuestro-pasado.html,2022-08-08,https://www.eldebate.com/autor/fernando-ariza/5/,2026-09-25,False,,,,,,
encrucijadas-una-gran-novela-americana,'Encrucijadas': una gran novela americana,El Debate,https://www.eldebate.com/cultura/libros/20220804/encrucijadas-gran-novela-americana.html,2022-08-04,https://www.eldebate.com/autor/fernando-ariza/5/,2026-09-25,False,,,,,,
el-castillo-de-barbazul-superventas-de-uno-de-nuestros-mejores-escritores,'El castillo de Barbazul'. Superventas de uno de nuestros mejores escritores,El Debate,https://www.eldebate.com/cultura/libros/20220728/castillo-barbazul-superventas-nuestros-mejores-escritores.html,2022-07-28,https://www.eldebate.com/autor/fernando-ariza/5/,2026-09-25,False,,,,,,
la-maquina-de-amor-sagrado-y-profano-de-iris-murdoch,'La máquina de amor sagrado y profano' de Iris Murdoch,El Debate,https://www.eldebate.com/cultura/libros/20220726/ma-quina-amor-sagrado-profano-iris-murdoch.html,2022-07-26,https://www.eldebate.com/autor/fernando-ariza/5/,2026-09-25,False,,,,,,
caso-clinico-juego-de-espejos-sobre-la-identidad-y-suspense-psicologico,'Caso clínico': juego de espejos sobre la identidad y suspense psicológico,El Debate,https://www.eldebate.com/cultura/libros/20220723/caso-clinico-juego-espejos-sobre-identidad-suspense-psicologico.html,2022-07-23,https://www.eldebate.com/autor/fernando-ariza/5/,2026-09-25,False,,,,,,
el-alfabeto-de-los-dioses-de-sabios-santos-y-demonios,"'El alfabeto de los dioses': de sabios, santos y demonios",El Debate,https://www.eldebate.com/cultura/libros/20220716/alfabeto-dioses-sabios-santos-demonios.html,2022-07-16,https://www.eldebate.com/autor/fernando-ariza/5/,2026-09-25,False,,,,,,
apetito-por-paris-paris-bien-vale-una-cena,'Apetito por París': París bien vale una cena,El Debate,https://www.eldebate.com/cultura/libros/20220702/apetito-paris-paris-bien-vale-cena.html,2022-07-02,https://www.eldebate.com/autor/fernando-ariza/5/,2026-09-25,False,,,,,,
diez-libros-para-releer,Diez libros para releer,El Debate,https://www.eldebate.com/cultura/libros/20220611/diez-libros-releer.html,2022-06-11,https://www.eldebate.com/autor/fernando-ariza/5/,2026-09-25,False,,,,,,
todos-los-museos-son-novelas-de-ciencia-ficcion,«Todos los museos son novelas de ciencia ficción»,El Debate,https://www.eldebate.com/cultura/libros/20220528/todos-museos-son-novelas-ciencia-ficcion.html,2022-05-28,https://www.eldebate.com/autor/fernando-ariza/5/,2026-09-25,False,,,,,,
la-maquina-de-amor-sagrado-y-profano,«La máquina de amor sagrado y profano»,El Debate,https://www.eldebate.com/cultura/libros/20220507/ma-quina-amor-humano-profano.html,2022-05-07,https://www.eldebate.com/autor/fernando-ariza/5/,2026-09-25,False,,,,,,
el-castillo-de-barbazul-un-superventas-de-uno-de-nuestros-mejores-escritores,«El castillo de Barbazul». Un superventas de uno de nuestros mejores escritores,El Debate,https://www.eldebate.com/cultura/libros/20220416/castillo-barbazul-superventas-nuestros-mejores-escritores.html,2022-04-16,https://www.eldebate.com/autor/fernando-ariza/5/,2026-09-25,False,,,,,,
diez-libros-para-celebrar-la-primavera,Diez libros para celebrar la primavera,El Debate,https://www.eldebate.com/cultura/libros/20220409/diez-libros-celebrar-primavera.html,2022-04-09,https://www.eldebate.com/autor/fernando-ariza/5/,2026-09-25,False,,,,,,
10-libros-para-el-metro,10 libros para el metro,El Debate,https://www.eldebate.com/cultura/libros/20220319/10-libros-metro.html,2022-03-19,https://www.eldebate.com/autor/fernando-ariza/5/,2026-09-25,False,,,,,,
desayuno-de-campeones-nuestro-mundo-visto-por-un-alienigena,«Desayuno de campeones». Nuestro mundo visto por un alienígena,El Debate,https://www.eldebate.com/cultura/libros/20220312/desayuno-campeones-nuestro-mundo-visto-alienigena.html,2022-03-12,https://www.eldebate.com/autor/fernando-ariza/5/,2026-09-25,False,,,,,,
dune-el-renacer-de-un-clasico,"«Dune», el renacer de un clásico",El Debate,https://www.eldebate.com/cultura/libros/20220226/dune-renacer-clasico.html,2022-02-26,https://www.eldebate.com/autor/fernando-ariza/5/,2026-09-25,False,,,,,,
en-el-centenario-de-ulises,En el centenario de «Ulises»,El Debate,https://www.eldebate.com/cultura/libros/20220212/centenario-ulises.html,2022-02-12,https://www.eldebate.com/autor/fernando-ariza/5/,2026-09-25,False,,,,,,
nigeria-deconstruida,Nigeria deconstruida,El Debate,https://www.eldebate.com/cultura/libros/20220205/nigeria-deconstruida.html,2022-02-05,https://www.eldebate.com/autor/fernando-ariza/5/,2026-09-25,False,,,,,,
una-gran-novela-hipster,Una gran novela hípster,El Debate,https://www.eldebate.com/cultura/libros/20220115/gran-novela-hipster.html,2022-01-15,https://www.eldebate.com/autor/fernando-ariza/5/,2026-09-25,False,,,,,,
volver-a-casa-paris-y-estambul-a-paso-lento,«Volver a casa». París y Estambul a paso lento,El Debate,https://www.eldebate.com/cultura/libros/20220108/paris-estambul-paso-lento.html,2022-01-08,https://www.eldebate.com/autor/fernando-ariza/5/,2026-09-25,False,,,,,,
la-culpa-la-gracia-y-aquellos-maravillosos-anos,"La culpa, la gracia y aquellos maravillosos años",El Debate,https://www.eldebate.com/cultura/libros/20211127/culpa-gracia-maravillosos-anos.html,2021-11-27,https://www.eldebate.com/autor/fernando-ariza/5/,2026-09-25,False,,,,,,
en-los-limites-del-mundo,En los límites del mundo,El Debate,https://www.eldebate.com/cultura/libros/20211113/limites-mundo.html,2021-11-13,https://www.eldebate.com/autor/fernando-ariza/6/,2026-09-25,False,,,,,,
murakami-por-murakami,"Murakami, por Murakami",El Debate,https://www.eldebate.com/cultura/libros/20211105/murakami-murakami.html,2021-11-05,https://www.eldebate.com/autor/fernando-ariza/6/,2026-09-25,False,,,,,,
maddaddam-sobre-el-fin-el-mundo-y-lo-que-sucedio-despues,«Maddaddam». Sobre el fin el mundo y lo que sucedió después,El Debate,https://www.eldebate.com/cultura/libros/20211029/maddaddam-sobre-mundo-sucedio.html,2021-10-29,https://www.eldebate.com/autor/fernando-ariza/6/,2026-09-25,False,,,,,,
blasco-ibanez-contribucion-al-oficio-del-escritor,Blasco Ibáñez y su contribución al oficio del escritor,República de las Letras,https://republicadelasletras.acescritores.com/2017/06/30/blasco-ibanez-contribucion-al-oficio-del-escritor/,2017-06-30,https://republicadelasletras.acescritores.com/2017/06/30/blasco-ibanez-contribucion-al-oficio-del-escritor/,2026-09-25,True,"La investigación sobre Blasco Ibáñez y el mercado editorial, contada para un público amplio.",,,,,Article body signed © FERNANDO ARIZA; author bio identifies Madrid 1978 / CEU literature professor.
cuarto-y-mitad-de-cultura,Cuarto y mitad de cultura,Nueva Revista,https://www.nuevarevista.net/cuarto-y-mitad-de-cultura/,2008-04-30,https://www.nuevarevista.net/autor/fernando-gonzalez-ariza/,2026-09-25,False,,,,,,"Publisher author archive and signed article, Fernando González-Ariza."
los-premios-literarios-entre-la-cultura-y-el-marketing,"Los premios literarios, entre la cultura y el marketing",Nueva Revista,https://www.nuevarevista.net/los-premios-literarios-entre-la-cultura-y-el-marketing/,2007-11-30,https://www.nuevarevista.net/autor/fernando-gonzalez-ariza/,2026-09-25,True,Un texto que conecta su crítica literaria con su investigación sobre el Premio Planeta.,,,,,"Publisher author archive and signed article, Fernando González-Ariza."
